,osmid,lanes,name,highway,maxspeed,oneway,length,geometry,ref,u,v,key
0,158627310,2,Solana Street,unclassified,30,False,43.606,"LINESTRING (120.974169 14.5937001, 120.9744618 14.593429)",,21638762,163734761,0
1,161306392,4,Andres Soriano Avenue,secondary,40,False,65.367,"LINESTRING (120.974169 14.5937001, 120.9741903 14.5942876)",,21638762,703530319,0
2,34363668,4,A. Soriano Avenue,secondary,40,False,161.689,"LINESTRING (120.974169 14.5937001, 120.9740455 14.5935874, 120.9730636 14.5927152)",,21638762,3388766875,0
3,161414175,2,,unclassified,40,False,8.291,"LINESTRING (120.9749577 14.5937083, 120.9749608 14.5937828)",,21638763,1055759279,0
4,331769752,3,Muralla Street,unclassified,40,True,17.676,"LINESTRING (120.9749577 14.5937083, 120.974794 14.5936951)",,21638763,997427805,0
5,161306395,4,Magallanes Drive,tertiary,40,True,82.402,"LINESTRING (120.974956 14.5942974, 120.9741903 14.5942876)",,21638765,703530319,0
6,161414175,2,,unclassified,40,False,57.223,"LINESTRING (120.974956 14.5942974, 120.9749608 14.5937828)",,21638765,1055759279,0
7,708734832,2,Lawton Road,tertiary,40,True,17.42,"LINESTRING (120.9779276 14.5946573, 120.9780879 14.5946792)",,21638771,33444448,0
8,791645316,2,Quintin Paredes Street,secondary,40,True,27.688,"LINESTRING (120.9779276 14.5946573, 120.9780425 14.5944345)",,21638771,5799534236,0
9,791645317,6,Magallanes Drive,tertiary,40,False,39.971,"LINESTRING (120.9779276 14.5946573, 120.9775632 14.5945876)",,21638771,5799534217,0
10,89432768,2,Victoria Street,unclassified,40,False,81.626,"LINESTRING (120.9764785 14.5879107, 120.9758872 14.5874509)",,21638777,4211986439,0
11,89432768,2,Victoria Street,unclassified,40,False,84.511,"LINESTRING (120.9764785 14.5879107, 120.9771028 14.5883718)",,21638777,163715781,0
12,163844203,2,General Luna Street,tertiary,40,False,124.338,"LINESTRING (120.9764785 14.5879107, 120.9757101 14.5887458)",,21638777,163724862,0
13,794302981,2,General Luna Street,tertiary,40,False,136.0,"LINESTRING (120.9764785 14.5879107, 120.9770192 14.587292, 120.9772969 14.5869787)",,21638777,299399375,0
14,4304670,4,Mel Lopez Boulevard,trunk,60,True,106.655,"LINESTRING (120.970856 14.5912119, 120.9707348 14.5912751, 120.9705964 14.5913794, 120.9704932 14.591487, 120.9702012 14.5919108)",120,26030584,6616025154,0
15,643266984,4,Anda Circle,trunk,40,True,60.58200000000001,"LINESTRING (120.970856 14.5912119, 120.9707438 14.5912027, 120.9706392 14.5911623, 120.9705513 14.5910943, 120.9704876 14.5910044, 120.9704537 14.5909005)",120,26030584,26030600,0
16,643266980,4,Anda Circle,trunk,40,True,27.289,"LINESTRING (120.9706342 14.5905245, 120.9707521 14.5904794, 120.9708788 14.590474)",120,26030596,55561657,0
17,607837312,2,"Robert S. Oca, Sr.",tertiary,50,True,61.574,"LINESTRING (120.9704591 14.5907567, 120.9704052 14.5906156, 120.9702885 14.5905022, 120.9701594 14.5904015, 120.9701269 14.5903249)",,26030598,163748845,0
18,643266980,4,Anda Circle,trunk,40,True,32.605999999999995,"LINESTRING (120.9704591 14.5907567, 120.9705225 14.5906235, 120.9706342 14.5905245)",120,26030598,26030596,0
19,643266980,4,Anda Circle,trunk,40,True,16.0,"LINESTRING (120.9704537 14.5909005, 120.9704591 14.5907567)",120,26030600,26030598,0
20,791645318,4,Anda Circle,trunk,40,True,19.687,"LINESTRING (120.9711787 14.5906846, 120.9712074 14.5907687, 120.9712147 14.5908569)",120,26030603,243974755,0
21,16176689,,11th Street,tertiary,35,False,16.391,"LINESTRING (120.9700972 14.5918031, 120.9702012 14.5919108)",,26032680,6616025154,0
22,16176689,,11th Street,tertiary,35,False,84.863,"LINESTRING (120.9700972 14.5918031, 120.9695357 14.5912672)",,26032680,163750296,0
23,4304666,4,Mel Lopez Boulevard,trunk,60,True,109.09700000000001,"LINESTRING (120.9700972 14.5918031, 120.9703431 14.5914037, 120.9703919 14.5912701, 120.9704181 14.5911403, 120.9704537 14.5909005)",120,26032680,26030600,0
24,89527832,2,Quintin Paredes Street,secondary,40,True,8.504,"LINESTRING (120.9780879 14.5946792, 120.9780456 14.5947438)",,33444448,6618406202,0
25,708734832,2,Lawton Road,tertiary,40,True,21.662,"LINESTRING (120.9780879 14.5946792, 120.9782858 14.5947149)",,33444448,1707897341,0
26,784669680,2,Lawton Road,tertiary,40,True,20.983,"LINESTRING (120.9782361 14.5947841, 120.9780456 14.5947438)",,33445248,6618406202,0
27,704755564,2,,secondary_link,40,True,34.144999999999996,"LINESTRING (120.9782361 14.5947841, 120.9781375 14.5948014, 120.9780389 14.5948307, 120.9779314 14.5948673)",,33445248,33445249,0
28,5055507,2,A. Soriano Avenue,secondary,40,True,90.08699999999999,"LINESTRING (120.9716867 14.5915104, 120.9715654 14.5914395, 120.9713265 14.591299, 120.9711853 14.5912332, 120.9709283 14.5912007)",,34013013,2018584651,0
29,34363668,4,A. Soriano Avenue,secondary,40,False,39.197,"LINESTRING (120.9716867 14.5915104, 120.9717226 14.5915453, 120.9717419 14.5915755, 120.9719585 14.5917421)",,34013013,5561065691,0
30,4075790,4,Bonifacio Drive,trunk,60,True,142.097,"LINESTRING (120.9708788 14.590474, 120.9710372 14.5903285, 120.9711502 14.5902117, 120.9712355 14.5900907, 120.9716378 14.5894379)",120,55561657,7555626818,0
31,643266988,4,Anda Circle,trunk,,True,41.42100000000001,"LINESTRING (120.9708788 14.590474, 120.9710017 14.5905097, 120.9711056 14.5905826, 120.9711787 14.5906846)",120,55561657,26030603,0
32,89432768,2,Victoria Street,unclassified,40,False,40.13,"LINESTRING (120.97823 14.5893206, 120.977954 14.5890779)",,163715370,405253179,0
33,572614637,,Solana Street,unclassified,30,False,35.925,"LINESTRING (120.97823 14.5893206, 120.9780065 14.5895606)",,163715370,1038283665,0
34,"[89432768, 333212365]",2,Victoria Street,unclassified,40,False,78.602,"LINESTRING (120.97823 14.5893206, 120.9784929 14.5895078, 120.9786077 14.5895565, 120.9787827 14.5896155, 120.978876 14.5896117)",,163715370,291715455,0
35,16175529,2,Recoletos Street,unclassified,30,False,78.57,"LINESTRING (120.9781893 14.5882374, 120.9776514 14.5877596)",,163715615,163725214,0
36,161414115,2,Magallanes Street,residential,30,False,84.686,"LINESTRING (120.9781893 14.5882374, 120.9776735 14.5888126)",,163715615,163715617,0
37,16175529,2,Recoletos Street,unclassified,30,False,37.025,"LINESTRING (120.9781893 14.5882374, 120.978308 14.5883494, 120.9784354 14.5884701)",,163715615,405253178,0
38,89432768,2,Victoria Street,unclassified,40,False,78.575,"LINESTRING (120.9776735 14.5888126, 120.9771028 14.5883718)",,163715617,163715781,0
39,161414115,2,Magallanes Street,residential,30,False,129.17,"LINESTRING (120.9776735 14.5888126, 120.9768933 14.5896954)",,163715617,163724859,0
40,161414115,2,Magallanes Street,residential,30,False,84.686,"LINESTRING (120.9776735 14.5888126, 120.9781893 14.5882374)",,163715617,163715615,0
41,89432768,2,Victoria Street,unclassified,40,False,42.209,"LINESTRING (120.9776735 14.5888126, 120.9779068 14.589031, 120.977954 14.5890779)",,163715617,405253179,0
42,161414115,2,Magallanes Street,residential,30,False,26.206,"LINESTRING (120.9742083 14.5926281, 120.9743729 14.5924544)",,163715618,1034880407,0
43,795463262,,Postigo,unclassified,30,False,83.916,"LINESTRING (120.9742083 14.5926281, 120.9736464 14.5921048)",,163715618,163723846,0
44,89432768,2,Victoria Street,unclassified,40,False,84.511,"LINESTRING (120.9771028 14.5883718, 120.9764785 14.5879107)",,163715781,21638777,0
45,89432768,2,Victoria Street,unclassified,40,False,78.575,"LINESTRING (120.9771028 14.5883718, 120.9776735 14.5888126)",,163715781,163715617,0
46,331769750,2,Cabildo Street,residential,40,False,90.106,"LINESTRING (120.9771028 14.5883718, 120.9776514 14.5877596)",,163715781,163725214,0
47,331769750,2,Cabildo Street,residential,40,False,127.341,"LINESTRING (120.9771028 14.5883718, 120.9763202 14.5892308)",,163715781,163724861,0
48,16177077,,San Francisco Street,unclassified,30,False,74.715,"LINESTRING (120.9777422 14.5908883, 120.9772228 14.5904424)",,163715896,163756373,0
49,16177077,,San Francisco Street,unclassified,30,False,98.535,"LINESTRING (120.9777422 14.5908883, 120.9784622 14.5914358)",,163715896,163756372,0
50,161414114,,Legaspi Street,residential,30,False,98.498,"LINESTRING (120.9777422 14.5908883, 120.9771932 14.5915971)",,163715896,163715985,0
51,158627307,,Real Street,residential,30,False,86.047,"LINESTRING (120.973819 14.5885689, 120.9744053 14.5890951)",,163715977,163728488,0
52,27109322,,Santa Lucia Street,unclassified,40,False,128.22,"LINESTRING (120.973819 14.5885689, 120.9732686 14.589283, 120.973116 14.5894997)",,163715977,301287773,0
53,27109322,,Santa Lucia Street,unclassified,40,False,152.172,"LINESTRING (120.973819 14.5885689, 120.974279 14.58807, 120.9747605 14.5875478)",,163715977,163724864,0
54,158627307,,Real Street,residential,30,False,80.483,"LINESTRING (120.9749323 14.5896087, 120.9744053 14.5890951)",,163715979,163728488,0
55,72516245,2,General Luna Street,tertiary,40,False,64.266,"LINESTRING (120.9749323 14.5896087, 120.9751293 14.5893808, 120.9752126 14.5892844, 120.9752363 14.589257, 120.9753166 14.5891663)",,163715979,1034881577,0
56,161414112,2,General Luna Street,tertiary,40,False,124.631,"LINESTRING (120.9749323 14.5896087, 120.9747515 14.5898311, 120.9745723 14.5900293, 120.9742916 14.5903396, 120.974178 14.5904587)",,163715979,163723138,0
57,749181388,,Real Street,residential,30,False,82.66499999999999,"LINESTRING (120.9749323 14.5896087, 120.9750893 14.5897408, 120.9755121 14.5900964)",,163715979,3388706122,0
58,161414115,2,Magallanes Street,residential,30,False,129.054,"LINESTRING (120.9760658 14.5905906, 120.9752691 14.5914581)",,163715982,163723136,0
59,749181390,,Real Street,residential,30,False,84.983,"LINESTRING (120.9760658 14.5905906, 120.976633 14.5911224)",,163715982,163715983,0
60,749181390,,Real Street,residential,30,False,81.055,"LINESTRING (120.9760658 14.5905906, 120.9755121 14.5900964)",,163715982,3388706122,0
61,161414115,2,Magallanes Street,residential,30,False,133.559,"LINESTRING (120.9760658 14.5905906, 120.9768493 14.5897426, 120.9768933 14.5896954)",,163715982,163724859,0
62,161306405,,Solana Street,residential,30,False,126.362,"LINESTRING (120.976633 14.5911224, 120.9758307 14.5919522)",,163715983,163723135,0
63,572614637,,Solana Street,unclassified,30,False,98.719,"LINESTRING (120.976633 14.5911224, 120.9772228 14.5904424)",,163715983,163756373,0
64,572614638,,Real Street,residential,30,False,80.126,"LINESTRING (120.976633 14.5911224, 120.9771932 14.5915971)",,163715983,163715985,0
65,749181390,,Real Street,residential,30,False,84.983,"LINESTRING (120.976633 14.5911224, 120.9760658 14.5905906)",,163715983,163715982,0
66,161414114,,Legaspi Street,residential,30,False,129.286,"LINESTRING (120.9771932 14.5915971, 120.9763929 14.5924643)",,163715985,163723134,0
67,161414114,,Legaspi Street,residential,30,False,98.498,"LINESTRING (120.9771932 14.5915971, 120.9777422 14.5908883)",,163715985,163715896,0
68,572614638,,Real Street,residential,30,False,80.126,"LINESTRING (120.9771932 14.5915971, 120.976633 14.5911224)",,163715985,163715983,0
69,572614638,,Real Street,residential,30,False,117.222,"LINESTRING (120.9771932 14.5915971, 120.9777241 14.5920456, 120.9780025 14.5923024)",,163715985,299397228,0
70,89432772,2,Anda Street,residential,40,False,164.255,"LINESTRING (120.9775015 14.5934795, 120.9769126 14.5929547, 120.9763929 14.5924643)",,163723133,163723134,0
71,572614639,2,Muralla Street,unclassified,,True,126.36999999999999,"LINESTRING (120.9775015 14.5934795, 120.9774996 14.593482, 120.9771493 14.5939395, 120.9768341 14.5939259, 120.976589 14.5938228)",,163723133,163723592,0
72,"[158627299, 720371453]",2,Anda Street,unclassified,40,False,106.313,"LINESTRING (120.9775015 14.5934795, 120.9775455 14.5935336, 120.9775993 14.5935685, 120.9776151 14.5935787, 120.9776603 14.5936012, 120.9783943 14.5938629)",,163723133,997416620,0
73,89432772,2,Anda Street,residential,40,False,83.081,"LINESTRING (120.9763929 14.5924643, 120.9758307 14.5919522)",,163723134,163723135,0
74,161414114,,Legaspi Street,residential,30,False,95.307,"LINESTRING (120.9763929 14.5924643, 120.9757962 14.5930977)",,163723134,163732980,0
75,161414114,,Legaspi Street,residential,30,False,129.286,"LINESTRING (120.9763929 14.5924643, 120.9771932 14.5915971)",,163723134,163715985,0
76,89432772,2,Anda Street,residential,40,False,164.255,"LINESTRING (120.9763929 14.5924643, 120.9769126 14.5929547, 120.9775015 14.5934795)",,163723134,163723133,0
77,89432772,2,Anda Street,residential,40,False,83.081,"LINESTRING (120.9758307 14.5919522, 120.9763929 14.5924643)",,163723135,163723134,0
78,89432772,2,Anda Street,residential,40,False,81.674,"LINESTRING (120.9758307 14.5919522, 120.9752691 14.5914581)",,163723135,163723136,0
79,161306405,,Solana Street,residential,30,False,93.215,"LINESTRING (120.9758307 14.5919522, 120.9752577 14.5925809)",,163723135,163723591,0
80,161306405,,Solana Street,residential,30,False,126.362,"LINESTRING (120.9758307 14.5919522, 120.976633 14.5911224)",,163723135,163715983,0
81,89432772,2,Anda Street,residential,40,False,81.674,"LINESTRING (120.9752691 14.5914581, 120.9758307 14.5919522)",,163723136,163723135,0
82,89432772,2,Anda Street,residential,40,False,81.686,"LINESTRING (120.9752691 14.5914581, 120.9747178 14.5909531)",,163723136,163723137,0
83,161414115,2,Magallanes Street,residential,30,False,89.68,"LINESTRING (120.9752691 14.5914581, 120.974718 14.5920631)",,163723136,163723590,0
84,161414115,2,Magallanes Street,residential,30,False,129.054,"LINESTRING (120.9752691 14.5914581, 120.9760658 14.5905906)",,163723136,163715982,0
85,89432772,2,Anda Street,residential,40,False,81.686,"LINESTRING (120.9747178 14.5909531, 120.9752691 14.5914581)",,163723137,163723136,0
86,163844201,2,Cabildo Street,residential,40,False,127.986,"LINESTRING (120.9747178 14.5909531, 120.9755121 14.5900964)",,163723137,3388706122,0
87,163844201,2,Cabildo Street,residential,40,False,87.781,"LINESTRING (120.9747178 14.5909531, 120.9741778 14.5915448)",,163723137,163723589,0
88,89432772,2,Anda Street,residential,40,False,79.97800000000001,"LINESTRING (120.9747178 14.5909531, 120.9743827 14.5906462, 120.974178 14.5904587)",,163723137,163723138,0
89,89432772,2,Anda Street,residential,40,False,81.961,"LINESTRING (120.974178 14.5904587, 120.9736334 14.5899434)",,163723138,163728450,0
90,89432772,2,Anda Street,residential,40,False,79.97800000000001,"LINESTRING (120.974178 14.5904587, 120.9743827 14.5906462, 120.9747178 14.5909531)",,163723138,163723137,0
91,161414112,2,General Luna Street,tertiary,40,False,124.631,"LINESTRING (120.974178 14.5904587, 120.9742916 14.5903396, 120.9745723 14.5900293, 120.9747515 14.5898311, 120.9749323 14.5896087)",,163723138,163715979,0
92,161414112,2,General Luna Street,tertiary,40,False,87.117,"LINESTRING (120.974178 14.5904587, 120.9737613 14.5909132, 120.9736339 14.5910386)",,163723138,163723193,0
93,161414112,2,General Luna Street,tertiary,40,False,87.117,"LINESTRING (120.9736339 14.5910386, 120.9737613 14.5909132, 120.974178 14.5904587)",,163723193,163723138,0
94,161414112,2,General Luna Street,tertiary,40,False,83.275,"LINESTRING (120.9736339 14.5910386, 120.9731884 14.591529, 120.973123 14.5916011)",,163723193,997427763,0
95,331769748,2,Beaterio Street,unclassified,30,True,81.982,"LINESTRING (120.9736339 14.5910386, 120.9734666 14.5908922, 120.9730818 14.5905307)",,163723193,163732367,0
96,163844201,2,Cabildo Street,residential,40,False,87.781,"LINESTRING (120.9741778 14.5915448, 120.9747178 14.5909531)",,163723589,163723137,0
97,331769748,2,Beaterio Street,unclassified,30,True,81.202,"LINESTRING (120.9741778 14.5915448, 120.9736339 14.5910386)",,163723589,163723193,0
98,163844201,2,Cabildo Street,residential,40,False,84.542,"LINESTRING (120.9741778 14.5915448, 120.9740492 14.5916803, 120.9736464 14.5921048)",,163723589,163723846,0
99,161414115,2,Magallanes Street,residential,30,False,89.68,"LINESTRING (120.974718 14.5920631, 120.9752691 14.5914581)",,163723590,163723136,0
100,331769748,2,Beaterio Street,unclassified,30,True,81.857,"LINESTRING (120.974718 14.5920631, 120.9741778 14.5915448)",,163723590,163723589,0
101,161414115,2,Magallanes Street,residential,30,False,57.202999999999996,"LINESTRING (120.974718 14.5920631, 120.9746299 14.5921629, 120.9743729 14.5924544)",,163723590,1034880407,0
102,161306405,,Solana Street,residential,30,False,93.215,"LINESTRING (120.9752577 14.5925809, 120.9758307 14.5919522)",,163723591,163723135,0
103,331769748,2,Beaterio Street,unclassified,30,True,81.78,"LINESTRING (120.9752577 14.5925809, 120.974718 14.5920631)",,163723591,163723590,0
104,161306405,,Solana Street,residential,30,False,57.79,"LINESTRING (120.9752577 14.5925809, 120.9751637 14.5926734, 120.9748831 14.5929533)",,163723591,1034880410,0
105,161306334,2,Beaterio Street,unclassified,30,True,117.411,"LINESTRING (120.976589 14.5938228, 120.9763851 14.5936223, 120.9757962 14.5930977)",,163723592,163732980,0
106,331769751,2,Muralla Street,unclassified,40,True,176.086,"LINESTRING (120.976589 14.5938228, 120.9762924 14.5937881, 120.9754128 14.5937443, 120.975184 14.5937192, 120.9749577 14.5937083)",,163723592,21638763,0
107,795463262,,Postigo,unclassified,30,False,83.916,"LINESTRING (120.9736464 14.5921048, 120.9742083 14.5926281)",,163723846,163715618,0
108,163844201,2,Cabildo Street,residential,40,False,84.542,"LINESTRING (120.9736464 14.5921048, 120.9740492 14.5916803, 120.9741778 14.5915448)",,163723846,163723589,0
109,"[163844201, 161414090]",2,Cabildo Street,"['unclassified', 'residential']",40,False,92.412,"LINESTRING (120.9736464 14.5921048, 120.9736138 14.5921391, 120.9733836 14.5923817, 120.9730636 14.5927152)",,163723846,3388766875,0
110,161306405,,Solana Street,residential,30,False,44.933,"LINESTRING (120.9747259 14.593116, 120.9744618 14.593429)",,163723847,163734761,0
111,161306405,,Solana Street,residential,30,False,24.768,"LINESTRING (120.9747259 14.593116, 120.9748831 14.5929533)",,163723847,1034880410,0
112,161414133,,Postigo Street,unclassified,30,True,77.753,"LINESTRING (120.9747259 14.593116, 120.9742083 14.5926281)",,163723847,163715618,0
113,16175482,,Santa Potenciana Street,unclassified,30,False,81.422,"LINESTRING (120.977442 14.5901996, 120.9768933 14.5896954)",,163724401,163724859,0
114,572614637,,Solana Street,unclassified,30,False,35.851,"LINESTRING (120.977442 14.5901996, 120.9772228 14.5904424)",,163724401,163756373,0
115,572614637,,Solana Street,unclassified,30,False,93.481,"LINESTRING (120.977442 14.5901996, 120.9780065 14.5895606)",,163724401,1038283665,0
116,16175482,,Santa Potenciana Street,unclassified,30,False,80.45,"LINESTRING (120.9768933 14.5896954, 120.9763202 14.5892308)",,163724859,163724861,0
117,16175482,,Santa Potenciana Street,unclassified,30,False,81.422,"LINESTRING (120.9768933 14.5896954, 120.977442 14.5901996)",,163724859,163724401,0
118,161414115,2,Magallanes Street,residential,30,False,129.17,"LINESTRING (120.9768933 14.5896954, 120.9776735 14.5888126)",,163724859,163715617,0
119,161414115,2,Magallanes Street,residential,30,False,133.559,"LINESTRING (120.9768933 14.5896954, 120.9768493 14.5897426, 120.9760658 14.5905906)",,163724859,163715982,0
120,16175482,,Santa Potenciana Street,unclassified,30,False,84.963,"LINESTRING (120.9763202 14.5892308, 120.9757101 14.5887458)",,163724861,163724862,0
121,16175482,,Santa Potenciana Street,unclassified,30,False,80.45,"LINESTRING (120.9763202 14.5892308, 120.9768933 14.5896954)",,163724861,163724859,0
122,331769750,2,Cabildo Street,residential,40,False,127.341,"LINESTRING (120.9763202 14.5892308, 120.9771028 14.5883718)",,163724861,163715781,0
123,749181387,2,Cabildo Street,residential,40,False,67.823,"LINESTRING (120.9763202 14.5892308, 120.9759043 14.5896891)",,163724861,1034881576,0
124,16175482,,Santa Potenciana Street,unclassified,30,False,84.963,"LINESTRING (120.9757101 14.5887458, 120.9763202 14.5892308)",,163724862,163724861,0
125,72516245,2,General Luna Street,tertiary,40,False,63.082,"LINESTRING (120.9757101 14.5887458, 120.9753166 14.5891663)",,163724862,1034881577,0
126,163844203,2,General Luna Street,tertiary,40,False,124.338,"LINESTRING (120.9757101 14.5887458, 120.9764785 14.5879107)",,163724862,21638777,0
127,331769749,2,Santa Potenciana Street,unclassified,30,False,76.099,"LINESTRING (120.9757101 14.5887458, 120.9752901 14.5881952)",,163724862,4211986449,0
128,331769749,2,Santa Potenciana Street,unclassified,30,False,91.816,"LINESTRING (120.9747605 14.5875478, 120.9752901 14.5881952)",,163724864,4211986449,0
129,27109322,,Santa Lucia Street,unclassified,40,False,152.172,"LINESTRING (120.9747605 14.5875478, 120.974279 14.58807, 120.973819 14.5885689)",,163724864,163715977,0
130,27109322,,Santa Lucia Street,unclassified,40,False,84.441,"LINESTRING (120.9747605 14.5875478, 120.9752024 14.5870716, 120.9752848 14.5869828)",,163724864,163725138,0
131,89432768,2,Victoria Street,unclassified,40,False,83.135,"LINESTRING (120.9752848 14.5869828, 120.9758872 14.5874509)",,163725138,4211986439,0
132,27109322,,Santa Lucia Street,unclassified,40,False,84.441,"LINESTRING (120.9752848 14.5869828, 120.9752024 14.5870716, 120.9747605 14.5875478)",,163725138,163724864,0
133,16175529,2,Recoletos Street,unclassified,30,False,78.57,"LINESTRING (120.9776514 14.5877596, 120.9781893 14.5882374)",,163725214,163715615,0
134,331769750,2,Cabildo Street,residential,40,False,45.564,"LINESTRING (120.9776514 14.5877596, 120.9779222 14.5874446)",,163725214,299399376,0
135,331769750,2,Cabildo Street,residential,40,False,90.106,"LINESTRING (120.9776514 14.5877596, 120.9771028 14.5883718)",,163725214,163715781,0
136,16175529,2,Recoletos Street,unclassified,30,False,55.622,"LINESTRING (120.9788071 14.5888177, 120.9784354 14.5884701)",,163725623,405253178,0
137,331769754,2,Muralla Street,unclassified,40,True,88.613,"LINESTRING (120.9788071 14.5888177, 120.9788693 14.5894718, 120.978876 14.5896117)",,163725623,291715455,0
138,89432772,2,Anda Street,residential,40,False,81.961,"LINESTRING (120.9736334 14.5899434, 120.974178 14.5904587)",,163728450,163723138,0
139,161414087,,Arzobispo Street,unclassified,30,False,88.25,"LINESTRING (120.9736334 14.5899434, 120.9730818 14.5905307)",,163728450,163732367,0
140,161414087,,Arzobispo Street,unclassified,30,False,125.687,"LINESTRING (120.9736334 14.5899434, 120.9744053 14.5890951)",,163728450,163728488,0
141,89432772,2,Anda Street,residential,40,False,74.403,"LINESTRING (120.9736334 14.5899434, 120.9735571 14.5898765, 120.9732125 14.5895882, 120.973116 14.5894997)",,163728450,301287773,0
142,158627307,,Real Street,residential,30,False,80.483,"LINESTRING (120.9744053 14.5890951, 120.9749323 14.5896087)",,163728488,163715979,0
143,158627307,,Real Street,residential,30,False,86.047,"LINESTRING (120.9744053 14.5890951, 120.973819 14.5885689)",,163728488,163715977,0
144,161414087,,Arzobispo Street,unclassified,30,False,125.687,"LINESTRING (120.9744053 14.5890951, 120.9736334 14.5899434)",,163728488,163728450,0
145,161414087,,Arzobispo Street,unclassified,30,False,86.407,"LINESTRING (120.9730818 14.5905307, 120.9725541 14.5911164)",,163732367,163735854,0
146,161414087,,Arzobispo Street,unclassified,30,False,88.25,"LINESTRING (120.9730818 14.5905307, 120.9736334 14.5899434)",,163732367,163728450,0
147,161414114,,Legaspi Street,residential,30,False,95.307,"LINESTRING (120.9757962 14.5930977, 120.9763929 14.5924643)",,163732980,163723134,0
148,161306334,2,Beaterio Street,unclassified,30,True,81.60900000000001,"LINESTRING (120.9757962 14.5930977, 120.9756543 14.5929615, 120.9752577 14.5925809)",,163732980,163723591,0
149,158627310,2,Solana Street,unclassified,30,False,43.606,"LINESTRING (120.9744618 14.593429, 120.974169 14.5937001)",,163734761,21638762,0
150,161306405,,Solana Street,residential,30,False,44.933,"LINESTRING (120.9744618 14.593429, 120.9747259 14.593116)",,163734761,163723847,0
151,161306504,2,,unclassified,,False,46.404,"LINESTRING (120.9744618 14.593429, 120.974794 14.5936951)",,163734761,997427805,0
152,161414087,,Arzobispo Street,unclassified,30,False,86.407,"LINESTRING (120.9725541 14.5911164, 120.9730818 14.5905307)",,163735854,163732367,0
153,46913676,,Postigo Street,unclassified,,False,81.57000000000001,"LINESTRING (120.9725541 14.5911164, 120.972619 14.5911725, 120.9728896 14.5914063, 120.9730163 14.591509, 120.973123 14.5916011)",,163735854,997427763,0
154,"[27109322, 843730835]",,"['Santa Lucia Street', 'Postigo Street']",unclassified,40,False,219.065,"LINESTRING (120.9725541 14.5911164, 120.9722718 14.5909011, 120.9728926 14.5898542, 120.973116 14.5894997)",,163735854,301287773,0
155,843730836,,Arzobispo Street,unclassified,30,False,94.60300000000001,"LINESTRING (120.9725541 14.5911164, 120.972345 14.5913434, 120.9721026 14.591593, 120.9719585 14.5917421)",,163735854,5561065691,0
156,16176552,,18th Street,residential,35,False,38.699,"LINESTRING (120.9717013 14.5878346, 120.9714463 14.5875892)",,163748221,163748223,0
157,16176697,,Railroad Drive,tertiary,35,False,67.734,"LINESTRING (120.9717013 14.5878346, 120.9720293 14.5873147)",,163748221,1326072343,0
158,16176697,,Railroad Drive,tertiary,35,False,63.821,"LINESTRING (120.9717013 14.5878346, 120.9713923 14.5883245)",,163748221,163749759,0
159,16176552,,18th Street,residential,35,False,124.214,"LINESTRING (120.9714463 14.5875892, 120.9706328 14.5867967)",,163748223,163748224,0
160,16176552,,18th Street,residential,35,False,38.699,"LINESTRING (120.9714463 14.5875892, 120.9717013 14.5878346)",,163748223,163748221,0
161,16176658,2,Atlanta Street,residential,35,False,62.193,"LINESTRING (120.9714463 14.5875892, 120.9710435 14.5879903)",,163748223,3201009065,0
162,16176552,,18th Street,residential,35,False,124.214,"LINESTRING (120.9706328 14.5867967, 120.9714463 14.5875892)",,163748224,163748223,0
163,16176619,,A.C. Delgado Street,tertiary,35,False,61.633,"LINESTRING (120.9706328 14.5867967, 120.9710346 14.5864017)",,163748224,1326072342,0
164,16176619,,A.C. Delgado Street,tertiary,35,False,62.221,"LINESTRING (120.9706328 14.5867967, 120.9702272 14.5871955)",,163748224,3201009286,0
165,16176697,,Railroad Drive,tertiary,35,False,60.888,"LINESTRING (120.9701269 14.5903249, 120.9704242 14.589859)",,163748845,163749468,0
166,4304671,2,"Robert S. Oca, Sr. Avenue",tertiary,50,False,110.351,"LINESTRING (120.9701269 14.5903249, 120.9695057 14.5896645, 120.9694356 14.5895919)",,163748845,193586498,0
167,16176697,,Railroad Drive,tertiary,35,False,122.584,"LINESTRING (120.9701269 14.5903249, 120.9698474 14.5907784, 120.9695357 14.5912672)",,163748845,163750296,0
168,607837313,2,"Robert S. Oca, Sr.",tertiary,50,True,60.507999999999996,"LINESTRING (120.9701269 14.5903249, 120.9702019 14.5903257, 120.9703359 14.5904158, 120.9704947 14.5905038, 120.9706342 14.5905245)",,163748845,26030596,0
169,16176631,,14th Street,residential,35,False,97.0,"LINESTRING (120.9704242 14.589859, 120.9697774 14.5892514)",,163749468,163749770,0
170,16176697,,Railroad Drive,tertiary,35,False,71.368,"LINESTRING (120.9704242 14.589859, 120.9707698 14.5893112)",,163749468,163749520,0
171,16176697,,Railroad Drive,tertiary,35,False,60.888,"LINESTRING (120.9704242 14.589859, 120.9701269 14.5903249)",,163749468,163748845,0
172,16176638,,15th Street,residential,35,False,81.241,"LINESTRING (120.9707698 14.5893112, 120.9702275 14.5888029)",,163749520,163749769,0
173,16176697,,Railroad Drive,tertiary,35,False,56.982,"LINESTRING (120.9707698 14.5893112, 120.9710462 14.5888741)",,163749520,7555626796,0
174,16176697,,Railroad Drive,tertiary,35,False,71.368,"LINESTRING (120.9707698 14.5893112, 120.9704242 14.589859)",,163749520,163749468,0
175,16176638,,15th Street,residential,35,False,125.426,"LINESTRING (120.9693893 14.5880191, 120.9702275 14.5888029)",,163749521,163749769,0
176,16176619,,A.C. Delgado Street,tertiary,35,False,57.373000000000005,"LINESTRING (120.9693893 14.5880191, 120.9697219 14.5876829, 120.969758 14.5876464)",,163749521,7555626817,0
177,16176649,1,16th Street,tertiary,35,True,68.596,"LINESTRING (120.9710653 14.5888437, 120.9706129 14.5884091)",,163749624,163749768,0
178,16176697,,Railroad Drive,tertiary,35,False,3.956,"LINESTRING (120.9710653 14.5888437, 120.9710462 14.5888741)",,163749624,7555626796,0
179,16176697,,Railroad Drive,tertiary,35,False,67.61200000000001,"LINESTRING (120.9710653 14.5888437, 120.9711115 14.5887699, 120.9713923 14.5883245)",,163749624,163749759,0
180,16176619,,A.C. Delgado Street,tertiary,35,False,4.625,"LINESTRING (120.9697882 14.5876168, 120.969758 14.5876464)",,163749626,7555626817,0
181,16176619,,A.C. Delgado Street,tertiary,35,False,66.53099999999999,"LINESTRING (120.9697882 14.5876168, 120.9698389 14.587567, 120.9702272 14.5871955)",,163749626,3201009286,0
182,16176697,,Railroad Drive,tertiary,35,False,63.821,"LINESTRING (120.9713923 14.5883245, 120.9717013 14.5878346)",,163749759,163748221,0
183,316372304,,17th Street,residential,,False,52.819,"LINESTRING (120.9713923 14.5883245, 120.9710435 14.5879903)",,163749759,3201009065,0
184,16176697,,Railroad Drive,tertiary,35,False,67.61200000000001,"LINESTRING (120.9713923 14.5883245, 120.9711115 14.5887699, 120.9710653 14.5888437)",,163749759,163749624,0
185,16176658,2,Atlanta Street,residential,35,False,4.126,"LINESTRING (120.9706129 14.5884091, 120.9705866 14.5884361)",,163749768,7555626807,0
186,16176658,2,Atlanta Street,residential,35,False,65.694,"LINESTRING (120.9706129 14.5884091, 120.9710435 14.5879903)",,163749768,3201009065,0
187,16176649,1,16th Street,tertiary,35,True,125.05,"LINESTRING (120.9706129 14.5884091, 120.9698314 14.5876583, 120.9697882 14.5876168)",,163749768,163749626,0
188,16176638,,15th Street,residential,35,False,125.426,"LINESTRING (120.9702275 14.5888029, 120.9693893 14.5880191)",,163749769,163749521,0
189,16176638,,15th Street,residential,35,False,81.241,"LINESTRING (120.9702275 14.5888029, 120.9707698 14.5893112)",,163749769,163749520,0
190,16176658,2,Atlanta Street,residential,35,False,69.52,"LINESTRING (120.9702275 14.5888029, 120.9697774 14.5892514)",,163749769,163749770,0
191,16176658,2,Atlanta Street,residential,35,False,56.185,"LINESTRING (120.9702275 14.5888029, 120.9705866 14.5884361)",,163749769,7555626807,0
192,16176631,,14th Street,residential,35,False,97.0,"LINESTRING (120.9697774 14.5892514, 120.9704242 14.589859)",,163749770,163749468,0
193,16176658,2,Atlanta Street,residential,35,False,52.786,"LINESTRING (120.9697774 14.5892514, 120.9694356 14.5895919)",,163749770,193586498,0
194,16176658,2,Atlanta Street,residential,35,False,69.52,"LINESTRING (120.9697774 14.5892514, 120.9702275 14.5888029)",,163749770,163749769,0
195,16176689,,11th Street,tertiary,35,False,84.863,"LINESTRING (120.9695357 14.5912672, 120.9700972 14.5918031)",,163750296,26032680,0
196,16176697,,Railroad Drive,tertiary,35,False,122.584,"LINESTRING (120.9695357 14.5912672, 120.9698474 14.5907784, 120.9701269 14.5903249)",,163750296,163748845,0
197,16177077,,San Francisco Street,unclassified,30,False,98.535,"LINESTRING (120.9784622 14.5914358, 120.9777422 14.5908883)",,163756372,163715896,0
198,331769754,2,Muralla Street,unclassified,40,True,108.373,"LINESTRING (120.9784622 14.5914358, 120.9781772 14.5920058, 120.9780693 14.5921898, 120.9780025 14.5923024)",,163756372,299397228,0
199,16177077,,San Francisco Street,unclassified,30,False,74.715,"LINESTRING (120.9772228 14.5904424, 120.9777422 14.5908883)",,163756373,163715896,0
200,572614637,,Solana Street,unclassified,30,False,98.719,"LINESTRING (120.9772228 14.5904424, 120.976633 14.5911224)",,163756373,163715983,0
201,572614637,,Solana Street,unclassified,30,False,35.851,"LINESTRING (120.9772228 14.5904424, 120.977442 14.5901996)",,163756373,163724401,0
202,"[15868688, 784669677]","['6', '4']",Padre Burgos Avenue,trunk,60,True,310.056,"LINESTRING (120.9797019 14.5942804, 120.9794947 14.5942225, 120.9791912 14.5941306, 120.9790797 14.5940623, 120.9789887 14.5939337, 120.9789501 14.5938389, 120.9789433 14.5937117, 120.9789566 14.5935865, 120.9790467 14.5934249, 120.9792123 14.5932205, 120.9796703 14.5926276, 120.9798549 14.5924, 120.9799053 14.5922473)",150;170,165758777,3403138118,0
203,16176658,2,Atlanta Street,residential,35,False,52.786,"LINESTRING (120.9694356 14.5895919, 120.9697774 14.5892514)",,193586498,163749770,0
204,4304671,2,"Robert S. Oca, Sr. Avenue",tertiary,50,False,110.351,"LINESTRING (120.9694356 14.5895919, 120.9695057 14.5896645, 120.9701269 14.5903249)",,193586498,163748845,0
205,4304462,4,Anda Circle,trunk,40,True,52.38,"LINESTRING (120.9712147 14.5908569, 120.9711905 14.5909723, 120.9711302 14.5910746, 120.9710397 14.5911534, 120.9709283 14.5912007)",120,243974755,2018584651,0
206,22739882,2,A. Soriano Avenue,secondary,40,True,89.102,"LINESTRING (120.9712147 14.5908569, 120.9713265 14.5910315, 120.9714658 14.5912098, 120.9715102 14.5912589, 120.9716311 14.5913928, 120.9716867 14.5915104)",,243974755,34013013,0
207,784669678,,,unclassified,,True,8.435,"LINESTRING (120.9784632 14.5948496, 120.9784826 14.5947761)",,251845685,1707897342,0
208,784669680,2,Lawton Road,tertiary,40,True,25.5,"LINESTRING (120.9784632 14.5948496, 120.9782361 14.5947841)",,251845685,33445248,0
209,26600474,2,Muralla Street,unclassified,40,True,90.024,"LINESTRING (120.977647 14.5865657, 120.9778764 14.5866837, 120.9783857 14.5869457)",,291714725,291715401,0
210,163844190,3,General Luna Street,tertiary,40,False,59.400999999999996,"LINESTRING (120.977647 14.5865657, 120.9775989 14.5866226, 120.9774485 14.5868003, 120.9772969 14.5869787)",,291714725,299399375,0
211,331769750,2,Cabildo Street,residential,40,False,74.601,"LINESTRING (120.9783857 14.5869457, 120.9779222 14.5874446)",,291715401,299399376,0
212,331769754,2,Muralla Street,unclassified,40,True,220.36700000000002,"LINESTRING (120.9783857 14.5869457, 120.9785116 14.5870524, 120.9785865 14.58713, 120.9786456 14.5872136, 120.9786697 14.5873373, 120.9787229 14.5878146, 120.9787665 14.5882966, 120.9788071 14.5888177)",,291715401,163725623,0
213,331769754,2,Muralla Street,unclassified,40,True,214.76799999999997,"LINESTRING (120.978876 14.5896117, 120.9789272 14.5898006, 120.9789444 14.5901195, 120.9789553 14.5903026, 120.978944 14.5903925, 120.9788371 14.5906081, 120.978573 14.5911886, 120.9784622 14.5914358)",,291715455,163756372,0
214,"[89432768, 333212365]",2,Victoria Street,unclassified,40,False,78.602,"LINESTRING (120.978876 14.5896117, 120.9787827 14.5896155, 120.9786077 14.5895565, 120.9784929 14.5895078, 120.97823 14.5893206)",,291715455,163715370,0
215,572614635,,Muralla Street,unclassified,40,True,143.995,"LINESTRING (120.9780025 14.5923024, 120.9780243 14.5923981, 120.9776783 14.5932037, 120.9775015 14.5934795)",,299397228,163723133,0
216,572614638,,Real Street,residential,30,False,117.222,"LINESTRING (120.9780025 14.5923024, 120.9777241 14.5920456, 120.9771932 14.5915971)",,299397228,163715985,0
217,27275568,2,,unclassified,,False,84.921,"LINESTRING (120.9772969 14.5869787, 120.9779222 14.5874446)",,299399375,299399376,0
218,163844190,3,General Luna Street,tertiary,40,False,59.400999999999996,"LINESTRING (120.9772969 14.5869787, 120.9774485 14.5868003, 120.9775989 14.5866226, 120.977647 14.5865657)",,299399375,291714725,0
219,794302981,2,General Luna Street,tertiary,40,False,136.0,"LINESTRING (120.9772969 14.5869787, 120.9770192 14.587292, 120.9764785 14.5879107)",,299399375,21638777,0
220,27275568,2,,unclassified,,False,84.921,"LINESTRING (120.9779222 14.5874446, 120.9772969 14.5869787)",,299399376,299399375,0
221,331769750,2,Cabildo Street,residential,40,False,74.601,"LINESTRING (120.9779222 14.5874446, 120.9783857 14.5869457)",,299399376,291715401,0
222,331769750,2,Cabildo Street,residential,40,False,45.564,"LINESTRING (120.9779222 14.5874446, 120.9776514 14.5877596)",,299399376,163725214,0
223,"[27109322, 843730835]",,"['Santa Lucia Street', 'Postigo Street']",unclassified,40,False,219.065,"LINESTRING (120.973116 14.5894997, 120.9728926 14.5898542, 120.9722718 14.5909011, 120.9725541 14.5911164)",,301287773,163735854,0
224,27109322,,Santa Lucia Street,unclassified,40,False,128.22,"LINESTRING (120.973116 14.5894997, 120.9732686 14.589283, 120.973819 14.5885689)",,301287773,163715977,0
225,89432772,2,Anda Street,residential,40,False,74.40299999999999,"LINESTRING (120.973116 14.5894997, 120.9732125 14.5895882, 120.9735571 14.5898765, 120.9736334 14.5899434)",,301287773,163728450,0
226,31806553,1,General Luna Street,unclassified,40,True,83.258,"LINESTRING (120.9725301 14.5922385, 120.9719989 14.5927829)",,340150426,997427853,0
227,34363668,4,A. Soriano Avenue,secondary,40,False,82.644,"LINESTRING (120.9725301 14.5922385, 120.9719585 14.5917421)",,340150426,5561065691,0
228,34363668,4,A. Soriano Avenue,secondary,40,False,78.145,"LINESTRING (120.9725301 14.5922385, 120.9727966 14.5924709, 120.9729897 14.5926457, 120.9730636 14.5927152)",,340150426,3388766875,0
229,794302967,2,General Luna Street,tertiary,40,False,95.372,"LINESTRING (120.9725301 14.5922385, 120.9726079 14.5921607, 120.9726866 14.5920752, 120.9728432 14.5919058, 120.9729907 14.5917447, 120.9730529 14.5916772, 120.973123 14.5916011)",,340150426,997427763,0
230,16175529,2,Recoletos Street,unclassified,30,False,55.622,"LINESTRING (120.9784354 14.5884701, 120.9788071 14.5888177)",,405253178,163725623,0
231,34753026,,Escuela,residential,,False,85.154,"LINESTRING (120.9784354 14.5884701, 120.977954 14.5890779)",,405253178,405253179,0
232,16175529,2,Recoletos Street,unclassified,30,False,37.025,"LINESTRING (120.9784354 14.5884701, 120.978308 14.5883494, 120.9781893 14.5882374)",,405253178,163715615,0
233,34753026,,Escuela,residential,,False,85.154,"LINESTRING (120.977954 14.5890779, 120.9784354 14.5884701)",,405253179,405253178,0
234,89432768,2,Victoria Street,unclassified,40,False,40.13,"LINESTRING (120.977954 14.5890779, 120.97823 14.5893206)",,405253179,163715370,0
235,89432768,2,Victoria Street,unclassified,40,False,42.209,"LINESTRING (120.977954 14.5890779, 120.9779068 14.589031, 120.9776735 14.5888126)",,405253179,163715617,0
236,16176649,1,16th Street,tertiary,35,True,89.013,"LINESTRING (120.9716578 14.5894023, 120.9710653 14.5888437)",,616061273,163749624,0
237,4075790,4,Bonifacio Drive,trunk,60,True,258.05899999999997,"LINESTRING (120.9716578 14.5894023, 120.9718018 14.5891749, 120.9720122 14.5888646, 120.9725584 14.5879826, 120.9726221 14.5878721, 120.9729059 14.587421)",120,616061273,3199908408,0
238,89527832,2,Quintin Paredes Street,secondary,40,True,22.672,"LINESTRING (120.9782388 14.5945369, 120.9780879 14.5946792)",,617535909,33444448,0
239,704755565,2,,secondary_link,40,True,20.737,"LINESTRING (120.9782388 14.5945369, 120.9782431 14.594576, 120.9782471 14.5946156, 120.9782602 14.5946724, 120.9782858 14.5947149)",,617535909,1707897341,0
240,161306392,4,Andres Soriano Avenue,secondary,40,False,65.367,"LINESTRING (120.9741903 14.5942876, 120.974169 14.5937001)",,703530319,21638762,0
241,124472779,2,Quintin Paredes Street,secondary,,True,111.88900000000001,"LINESTRING (120.9783943 14.5938629, 120.9784363 14.5938107, 120.9785528 14.5936658, 120.9788928 14.5932924, 120.9791097 14.593141)",,997416620,1385466358,0
242,"[158627299, 720371453]",2,Anda Street,unclassified,40,False,106.313,"LINESTRING (120.9783943 14.5938629, 120.9776603 14.5936012, 120.9776151 14.5935787, 120.9775993 14.5935685, 120.9775455 14.5935336, 120.9775015 14.5934795)",,997416620,163723133,0
243,331777153,2,Cabildo Street,unclassified,40,False,91.906,"LINESTRING (120.9725756 14.5932655, 120.9720202 14.5938934)",,997416622,3388905506,0
244,331777153,2,Cabildo Street,unclassified,40,False,80.634,"LINESTRING (120.9725756 14.5932655, 120.9730636 14.5927152)",,997416622,3388766875,0
245,85932695,1,Santa Clara Street,unclassified,30,False,82.046,"LINESTRING (120.9725756 14.5932655, 120.9720701 14.5928392, 120.9719989 14.5927829)",,997416622,997427853,0
246,46913676,,Postigo Street,unclassified,,False,81.57000000000001,"LINESTRING (120.973123 14.5916011, 120.9730163 14.591509, 120.9728896 14.5914063, 120.972619 14.5911725, 120.9725541 14.5911164)",,997427763,163735854,0
247,161414112,2,General Luna Street,tertiary,40,False,83.275,"LINESTRING (120.973123 14.5916011, 120.9731884 14.591529, 120.9736339 14.5910386)",,997427763,163723193,0
248,794302967,2,General Luna Street,tertiary,40,False,95.372,"LINESTRING (120.973123 14.5916011, 120.9730529 14.5916772, 120.9729907 14.5917447, 120.9728432 14.5919058, 120.9726866 14.5920752, 120.9726079 14.5921607, 120.9725301 14.5922385)",,997427763,340150426,0
249,161306504,2,,unclassified,,False,46.404,"LINESTRING (120.974794 14.5936951, 120.9744618 14.593429)",,997427805,163734761,0
250,331769752,3,Muralla Street,unclassified,40,True,67.257,"LINESTRING (120.974794 14.5936951, 120.974169 14.5937001)",,997427805,21638762,0
251,"[581101011, 46753775]","['1', '2']","['Santa Clara Street', 'Arzobispo Street']",unclassified,30,True,166.10899999999998,"LINESTRING (120.9719989 14.5927829, 120.9719784 14.5927635, 120.9716585 14.5924838, 120.9714266 14.5922971, 120.9719585 14.5917421)",,997427853,5561065691,0
252,85932695,1,Santa Clara Street,unclassified,30,False,82.046,"LINESTRING (120.9719989 14.5927829, 120.9720701 14.5928392, 120.9725756 14.5932655)",,997427853,997416622,0
253,161414115,2,Magallanes Street,residential,30,False,26.206,"LINESTRING (120.9743729 14.5924544, 120.9742083 14.5926281)",,1034880407,163715618,0
254,89184384,,Santo Tomas Street,unclassified,30,True,78.07900000000001,"LINESTRING (120.9743729 14.5924544, 120.9746506 14.5927124, 120.9748831 14.5929533)",,1034880407,1034880410,0
255,161414115,2,Magallanes Street,residential,30,False,57.202999999999996,"LINESTRING (120.9743729 14.5924544, 120.9746299 14.5921629, 120.974718 14.5920631)",,1034880407,163723590,0
256,161306405,,Solana Street,residential,30,False,24.768,"LINESTRING (120.9748831 14.5929533, 120.9747259 14.593116)",,1034880410,163723847,0
257,161306405,,Solana Street,residential,30,False,57.79,"LINESTRING (120.9748831 14.5929533, 120.9751637 14.5926734, 120.9752577 14.5925809)",,1034880410,163723591,0
258,89184420,1,Urdaneta Street,unclassified,30,False,85.901,"LINESTRING (120.9759043 14.5896891, 120.9753166 14.5891663)",,1034881576,1034881577,0
259,749181387,2,Cabildo Street,residential,40,False,67.823,"LINESTRING (120.9759043 14.5896891, 120.9763202 14.5892308)",,1034881576,163724861,0
260,749181389,2,Cabildo Street,residential,40,False,61.906,"LINESTRING (120.9759043 14.5896891, 120.9755121 14.5900964)",,1034881576,3388706122,0
261,72516245,2,General Luna Street,tertiary,40,False,63.082,"LINESTRING (120.9753166 14.5891663, 120.9757101 14.5887458)",,1034881577,163724862,0
262,89184420,1,Urdaneta Street,unclassified,30,False,85.901,"LINESTRING (120.9753166 14.5891663, 120.9759043 14.5896891)",,1034881577,1034881576,0
263,72516245,2,General Luna Street,tertiary,40,False,64.266,"LINESTRING (120.9753166 14.5891663, 120.9752363 14.589257, 120.9752126 14.5892844, 120.9751293 14.5893808, 120.9749323 14.5896087)",,1034881577,163715979,0
264,89571507,,Novales Street,living_street,,False,68.997,"LINESTRING (120.9780065 14.5895606, 120.978502 14.5899544)",,1038283665,6633789015,0
265,572614637,,Solana Street,unclassified,30,False,93.481,"LINESTRING (120.9780065 14.5895606, 120.977442 14.5901996)",,1038283665,163724401,0
266,572614637,,Solana Street,unclassified,30,False,35.925,"LINESTRING (120.9780065 14.5895606, 120.97823 14.5893206)",,1038283665,163715370,0
267,161414175,2,,unclassified,40,False,57.223,"LINESTRING (120.9749608 14.5937828, 120.974956 14.5942974)",,1055759279,21638765,0
268,161414175,2,,unclassified,40,False,8.291,"LINESTRING (120.9749608 14.5937828, 120.9749577 14.5937083)",,1055759279,21638763,0
269,607837307,3,,unclassified,40,True,68.095,"LINESTRING (120.9749608 14.5937828, 120.9753825 14.5942394)",,1055759279,5799534205,0
270,16353687,2,Quintin Paredes Street,secondary,40,True,27.276,"LINESTRING (120.977813 14.5948761, 120.9779276 14.5946573)",,1055798638,21638771,0
271,90955074,1,,secondary_link,40,True,42.684,"LINESTRING (120.977813 14.5948761, 120.9777751 14.5947835, 120.977725 14.5947253, 120.9775632 14.5945876)",,1055798638,5799534217,0
272,124472779,2,Quintin Paredes Street,secondary,,True,68.179,"LINESTRING (120.9780734 14.5943875, 120.9781852 14.5941408, 120.9783943 14.5938629)",,1055798662,997416620,0
273,161414165,2,Quintin Paredes Street,secondary,40,True,178.15099999999998,"LINESTRING (120.9780734 14.5943875, 120.9782603 14.5941961, 120.9785475 14.5938332, 120.9790552 14.5932331, 120.9791097 14.593141)",,1055798662,1385466358,0
274,16176619,,A.C. Delgado Street,tertiary,35,False,61.633,"LINESTRING (120.9710346 14.5864017, 120.9706328 14.5867967)",,1326072342,163748224,0
275,117768434,,19th Street,residential,35,False,147.527,"LINESTRING (120.9710346 14.5864017, 120.9720293 14.5873147)",,1326072342,1326072343,0
276,16176697,,Railroad Drive,tertiary,35,False,60.17,"LINESTRING (120.9720293 14.5873147, 120.9723204 14.5868527)",,1326072343,3201008959,0
277,16176697,,Railroad Drive,tertiary,35,False,67.734,"LINESTRING (120.9720293 14.5873147, 120.9717013 14.5878346)",,1326072343,163748221,0
278,117768434,,19th Street,residential,35,False,147.527,"LINESTRING (120.9720293 14.5873147, 120.9710346 14.5864017)",,1326072343,1326072342,0
279,612736036,3,Quintin Paredes Street,secondary,40,True,131.704,"LINESTRING (120.9791097 14.593141, 120.9796623 14.5924783, 120.9797635 14.5923496, 120.9799053 14.5922473)",,1385466358,3403138118,0
280,158627312,2,Lawton Road,tertiary,40,True,22.244,"LINESTRING (120.9782858 14.5947149, 120.9784826 14.5947761)",,1707897341,1707897342,0
281,791613121,4,Anda Circle,trunk,40,True,7.879,"LINESTRING (120.9709283 14.5912007, 120.970856 14.5912119)",120,2018584651,26030584,0
282,117768435,,20th Street,tertiary,35,False,89.236,"LINESTRING (120.9729059 14.587421, 120.9723204 14.5868527)",,3199908408,3201008959,0
283,16176697,,Railroad Drive,tertiary,35,False,60.17,"LINESTRING (120.9723204 14.5868527, 120.9720293 14.5873147)",,3201008959,1326072343,0
284,117768435,,20th Street,tertiary,35,False,89.236,"LINESTRING (120.9723204 14.5868527, 120.9729059 14.587421)",,3201008959,3199908408,0
285,16176697,,Railroad Drive,tertiary,35,False,71.397,"LINESTRING (120.9723204 14.5868527, 120.9725251 14.5865289, 120.9726665 14.5863049)",,3201008959,3201009147,0
286,16176658,2,Atlanta Street,residential,35,False,65.694,"LINESTRING (120.9710435 14.5879903, 120.9706129 14.5884091)",,3201009065,163749768,0
287,16176658,2,Atlanta Street,residential,35,False,62.193,"LINESTRING (120.9710435 14.5879903, 120.9714463 14.5875892)",,3201009065,163748223,0
288,316372304,,17th Street,residential,,False,52.819,"LINESTRING (120.9710435 14.5879903, 120.9713923 14.5883245)",,3201009065,163749759,0
289,316372304,,17th Street,residential,,False,124.607,"LINESTRING (120.9710435 14.5879903, 120.9702272 14.5871955)",,3201009065,3201009286,0
290,16176697,,Railroad Drive,tertiary,35,False,71.397,"LINESTRING (120.9726665 14.5863049, 120.9725251 14.5865289, 120.9723204 14.5868527)",,3201009147,3201008959,0
291,16176619,,A.C. Delgado Street,tertiary,35,False,62.221,"LINESTRING (120.9702272 14.5871955, 120.9706328 14.5867967)",,3201009286,163748224,0
292,316372304,,17th Street,residential,,False,124.607,"LINESTRING (120.9702272 14.5871955, 120.9710435 14.5879903)",,3201009286,3201009065,0
293,16176619,,A.C. Delgado Street,tertiary,35,False,66.53099999999999,"LINESTRING (120.9702272 14.5871955, 120.9698389 14.587567, 120.9697882 14.5876168)",,3201009286,163749626,0
294,163844201,2,Cabildo Street,residential,40,False,127.986,"LINESTRING (120.9755121 14.5900964, 120.9747178 14.5909531)",,3388706122,163723137,0
295,749181389,2,Cabildo Street,residential,40,False,61.906,"LINESTRING (120.9755121 14.5900964, 120.9759043 14.5896891)",,3388706122,1034881576,0
296,749181390,,Real Street,residential,30,False,81.055,"LINESTRING (120.9755121 14.5900964, 120.9760658 14.5905906)",,3388706122,163715982,0
297,749181388,,Real Street,residential,30,False,82.66499999999999,"LINESTRING (120.9755121 14.5900964, 120.9750893 14.5897408, 120.9749323 14.5896087)",,3388706122,163715979,0
298,331777153,2,Cabildo Street,unclassified,40,False,80.634,"LINESTRING (120.9730636 14.5927152, 120.9725756 14.5932655)",,3388766875,997416622,0
299,34363668,4,A. Soriano Avenue,secondary,40,False,161.689,"LINESTRING (120.9730636 14.5927152, 120.9740455 14.5935874, 120.974169 14.5937001)",,3388766875,21638762,0
300,34363668,4,A. Soriano Avenue,secondary,40,False,78.14500000000001,"LINESTRING (120.9730636 14.5927152, 120.9729897 14.5926457, 120.9727966 14.5924709, 120.9725301 14.5922385)",,3388766875,340150426,0
301,"[163844201, 161414090]",2,Cabildo Street,"['unclassified', 'residential']",40,False,92.412,"LINESTRING (120.9730636 14.5927152, 120.9733836 14.5923817, 120.9736138 14.5921391, 120.9736464 14.5921048)",,3388766875,163723846,0
302,331777153,2,Cabildo Street,unclassified,40,False,91.906,"LINESTRING (120.9720202 14.5938934, 120.9725756 14.5932655)",,3388905506,997416622,0
303,89432768,2,Victoria Street,unclassified,40,False,83.135,"LINESTRING (120.9758872 14.5874509, 120.9752848 14.5869828)",,4211986439,163725138,0
304,89432768,2,Victoria Street,unclassified,40,False,81.626,"LINESTRING (120.9758872 14.5874509, 120.9764785 14.5879107)",,4211986439,21638777,0
305,421439717,2,Basco Street,unclassified,,False,104.777,"LINESTRING (120.9758872 14.5874509, 120.9753497 14.588121, 120.9752901 14.5881952)",,4211986439,4211986449,0
306,331769749,2,Santa Potenciana Street,unclassified,30,False,91.816,"LINESTRING (120.9752901 14.5881952, 120.9747605 14.5875478)",,4211986449,163724864,0
307,331769749,2,Santa Potenciana Street,unclassified,30,False,76.099,"LINESTRING (120.9752901 14.5881952, 120.9757101 14.5887458)",,4211986449,163724862,0
308,421439717,2,Basco Street,unclassified,,False,104.777,"LINESTRING (120.9752901 14.5881952, 120.9753497 14.588121, 120.9758872 14.5874509)",,4211986449,4211986439,0
309,34363668,4,A. Soriano Avenue,secondary,40,False,82.644,"LINESTRING (120.9719585 14.5917421, 120.9725301 14.5922385)",,5561065691,340150426,0
310,34363668,4,A. Soriano Avenue,secondary,40,False,39.196999999999996,"LINESTRING (120.9719585 14.5917421, 120.9717419 14.5915755, 120.9717226 14.5915453, 120.9716867 14.5915104)",,5561065691,34013013,0
311,843730836,,Arzobispo Street,unclassified,30,False,94.60300000000001,"LINESTRING (120.9719585 14.5917421, 120.9721026 14.591593, 120.972345 14.5913434, 120.9725541 14.5911164)",,5561065691,163735854,0
312,795463264,4,Magallanes Drive,tertiary,40,True,46.345,"LINESTRING (120.9753825 14.5942394, 120.974956 14.5942974)",,5799534205,21638765,0
313,4079467,6,Magallanes Drive,tertiary,40,False,238.011,"LINESTRING (120.9753825 14.5942394, 120.9755045 14.5942414, 120.9761079 14.5943568, 120.976309 14.594391, 120.9767943 14.5944717, 120.9775632 14.5945876)",,5799534205,5799534217,0
314,791645317,6,Magallanes Drive,tertiary,40,False,39.971,"LINESTRING (120.9775632 14.5945876, 120.9779276 14.5946573)",,5799534217,21638771,0
315,4079467,6,Magallanes Drive,tertiary,40,False,238.011,"LINESTRING (120.9775632 14.5945876, 120.9767943 14.5944717, 120.976309 14.594391, 120.9761079 14.5943568, 120.9755045 14.5942414, 120.9753825 14.5942394)",,5799534217,5799534205,0
316,90955075,1,,secondary_link,40,True,54.668,"LINESTRING (120.9775632 14.5945876, 120.9777635 14.5945524, 120.9779025 14.5944918, 120.9780425 14.5944345)",,5799534217,5799534236,0
317,791645315,2,Quintin Paredes Street,secondary,40,True,6.194,"LINESTRING (120.9780425 14.5944345, 120.9780734 14.5943875)",,5799534236,1055798662,0
318,16176689,,11th Street,tertiary,35,False,16.391,"LINESTRING (120.9702012 14.5919108, 120.9700972 14.5918031)",,6616025154,26032680,0
319,791613122,2,Quintin Paredes Street,secondary,40,True,18.428,"LINESTRING (120.9780456 14.5947438, 120.9779314 14.5948673)",,6618406202,33445249,0
320,784669679,2,Lawton Road,tertiary,40,True,15.929000000000002,"LINESTRING (120.9780456 14.5947438, 120.9779934 14.5947055, 120.9779276 14.5946573)",,6618406202,21638771,0
321,89571507,,Novales Street,living_street,,False,68.997,"LINESTRING (120.978502 14.5899544, 120.9780065 14.5895606)",,6633789015,1038283665,0
322,16176697,,Railroad Drive,tertiary,35,False,3.956,"LINESTRING (120.9710462 14.5888741, 120.9710653 14.5888437)",,7555626796,163749624,0
323,16176697,,Railroad Drive,tertiary,35,False,56.982,"LINESTRING (120.9710462 14.5888741, 120.9707698 14.5893112)",,7555626796,163749520,0
324,807971933,1,16th Street,tertiary,35,True,69.412,"LINESTRING (120.9710462 14.5888741, 120.9705866 14.5884361)",,7555626796,7555626807,0
325,16176658,2,Atlanta Street,residential,35,False,56.185,"LINESTRING (120.9705866 14.5884361, 120.9702275 14.5888029)",,7555626807,163749769,0
326,16176658,2,Atlanta Street,residential,35,False,4.126,"LINESTRING (120.9705866 14.5884361, 120.9706129 14.5884091)",,7555626807,163749768,0
327,807971933,1,16th Street,tertiary,35,True,125.14500000000001,"LINESTRING (120.9705866 14.5884361, 120.9698015 14.5876879, 120.969758 14.5876464)",,7555626807,7555626817,0
328,16176619,,A.C. Delgado Street,tertiary,35,False,4.625,"LINESTRING (120.969758 14.5876464, 120.9697882 14.5876168)",,7555626817,163749626,0
329,16176619,,A.C. Delgado Street,tertiary,35,False,57.373000000000005,"LINESTRING (120.969758 14.5876464, 120.9697219 14.5876829, 120.9693893 14.5880191)",,7555626817,163749521,0
330,4075790,4,Bonifacio Drive,trunk,60,True,4.506,"LINESTRING (120.9716378 14.5894379, 120.9716578 14.5894023)",120,7555626818,616061273,0
331,807971933,1,16th Street,tertiary,35,True,89.348,"LINESTRING (120.9716378 14.5894379, 120.9710462 14.5888741)",,7555626818,7555626796,0
